timestamp,vessel_count,anchored_vessels,slow_vessels,avg_sog_knots,cargo_vessels,tanker_vessels,passenger_vessels,tug_vessels
2024-12-25T00:00:00+00:00,92,21,83,0.681522,10,8,3,12
2024-12-25T00:01:00+00:00,104,25,94,0.765385,12,6,6,16
2024-12-25T00:02:00+00:00,103,22,87,0.948039,8,7,7,15
2024-12-25T00:03:00+00:00,97,20,84,0.960825,9,9,6,15
2024-12-25T00:04:00+00:00,105,25,92,0.878095,12,6,6,16
2024-12-25T00:05:00+00:00,90,18,78,0.997778,7,7,6,15
2024-12-25T00:06:00+00:00,87,22,75,0.896552,10,10,3,10
2024-12-25T00:07:00+00:00,87,23,77,0.902299,12,4,5,11
2024-12-25T00:08:00+00:00,99,21,88,0.772449,9,7,5,15
2024-12-25T00:09:00+00:00,92,20,82,0.646739,9,7,6,15
2024-12-25T00:10:00+00:00,99,25,88,0.872727,12,6,6,16
2024-12-25T00:11:00+00:00,91,20,82,0.903297,8,6,5,11
2024-12-25T00:12:00+00:00,99,23,88,0.668687,11,10,6,13
2024-12-25T00:13:00+00:00,95,25,84,0.576842,12,6,5,14
2024-12-25T00:14:00+00:00,96,21,85,0.463158,9,6,6,13
2024-12-25T00:15:00+00:00,98,22,89,0.381633,9,8,5,14
2024-12-25T00:16:00+00:00,98,25,90,0.411224,10,6,6,14
2024-12-25T00:17:00+00:00,90,19,79,0.520225,8,6,6,13
2024-12-25T00:18:00+00:00,100,23,95,0.305000,11,10,4,14
2024-12-25T00:19:00+00:00,102,25,97,0.247059,12,5,6,14
2024-12-25T00:20:00+00:00,89,20,83,0.250562,8,6,6,13
2024-12-25T00:21:00+00:00,92,21,86,0.280435,9,10,5,14
2024-12-25T00:22:00+00:00,89,22,85,0.213483,11,5,6,13
2024-12-25T00:23:00+00:00,86,19,83,0.220930,9,5,3,13
2024-12-25T00:24:00+00:00,93,23,86,0.356989,11,9,5,14
2024-12-25T00:25:00+00:00,106,25,100,0.290566,12,5,6,16
2024-12-25T00:26:00+00:00,90,22,83,0.357303,10,6,5,14
2024-12-25T00:27:00+00:00,89,20,83,0.362921,8,10,5,12
2024-12-25T00:28:00+00:00,96,22,91,0.298958,10,5,6,14
2024-12-25T00:29:00+00:00,88,20,84,0.213793,9,6,6,11
2024-12-25T00:30:00+00:00,92,25,88,0.334783,12,9,4,13
2024-12-25T00:31:00+00:00,98,23,94,0.311224,10,4,6,15
2024-12-25T00:32:00+00:00,94,24,89,0.326882,10,6,7,15
2024-12-25T00:33:00+00:00,88,20,84,0.321591,10,9,5,13
2024-12-25T00:34:00+00:00,93,23,87,0.390323,12,5,4,14
2024-12-25T00:35:00+00:00,84,20,78,0.443373,8,5,6,13
2024-12-25T00:36:00+00:00,83,20,81,0.230120,11,8,4,11
2024-12-25T00:37:00+00:00,94,27,88,0.404255,12,5,5,15
2024-12-25T00:38:00+00:00,87,21,81,0.446512,9,4,7,14
2024-12-25T00:39:00+00:00,89,23,84,0.412360,11,9,5,15
2024-12-25T00:40:00+00:00,89,25,84,0.423596,12,5,6,15
2024-12-25T00:41:00+00:00,85,20,78,0.479762,8,5,5,13
2024-12-25T00:42:00+00:00,84,22,80,0.428571,12,8,4,13
2024-12-25T00:43:00+00:00,92,26,86,0.661957,11,5,7,13
2024-12-25T00:44:00+00:00,80,20,71,1.129114,9,5,6,13
2024-12-25T00:45:00+00:00,84,24,76,1.009639,12,7,3,13
2024-12-25T00:46:00+00:00,99,27,91,0.982828,11,5,7,15
2024-12-25T00:47:00+00:00,92,21,83,0.934066,10,5,6,15
2024-12-25T00:48:00+00:00,80,20,75,0.782500,11,8,5,14
2024-12-25T00:49:00+00:00,91,27,83,0.875824,12,5,6,14
2024-12-25T00:50:00+00:00,85,21,79,0.714286,9,5,5,11
2024-12-25T00:51:00+00:00,87,24,79,0.897701,11,8,2,13
2024-12-25T00:52:00+00:00,94,27,86,0.820213,11,5,8,14
2024-12-25T00:53:00+00:00,80,18,72,1.080000,7,5,4,14
2024-12-25T00:54:00+00:00,89,24,83,0.911236,12,7,4,15
2024-12-25T00:55:00+00:00,99,27,92,0.803030,12,5,6,15
2024-12-25T00:56:00+00:00,86,20,79,0.794118,9,5,5,15
2024-12-25T00:57:00+00:00,79,22,75,0.508861,10,9,2,8
2024-12-25T00:58:00+00:00,92,25,86,0.396739,11,4,4,14
2024-12-25T00:59:00+00:00,91,21,84,0.425275,10,5,5,14
2024-12-25T01:00:00+00:00,95,25,87,0.411579,11,9,5,15
2024-12-25T01:01:00+00:00,92,22,83,0.792391,12,3,6,16
2024-12-25T01:02:00+00:00,71,13,64,1.007042,6,3,7,14
2024-12-25T01:03:00+00:00,88,20,82,0.757955,9,8,5,14
2024-12-25T01:04:00+00:00,86,21,81,0.608140,10,4,6,10
2024-12-25T01:05:00+00:00,66,16,63,0.621212,8,5,3,8
2024-12-25T01:06:00+00:00,93,23,87,0.763441,11,9,6,15
2024-12-25T01:07:00+00:00,95,22,89,0.692632,11,5,6,15
2024-12-25T01:08:00+00:00,85,18,77,0.842857,10,5,5,15
2024-12-25T01:09:00+00:00,92,20,86,0.759783,10,7,5,15
2024-12-25T01:10:00+00:00,95,24,91,0.685263,12,5,7,14
2024-12-25T01:11:00+00:00,84,18,79,0.554217,8,4,5,14
2024-12-25T01:12:00+00:00,78,22,71,1.002564,11,9,4,11
2024-12-25T01:13:00+00:00,83,22,72,0.914458,9,5,5,13
2024-12-25T01:14:00+00:00,85,19,71,1.166667,9,5,7,14
2024-12-25T01:15:00+00:00,86,21,76,0.883721,13,7,4,15
2024-12-25T01:16:00+00:00,99,23,91,0.800000,11,5,6,12
2024-12-25T01:17:00+00:00,91,19,80,0.907778,9,5,6,13
2024-12-25T01:18:00+00:00,86,23,78,0.923256,10,7,5,14
2024-12-25T01:19:00+00:00,94,24,83,0.911702,11,5,6,13
2024-12-25T01:20:00+00:00,87,16,76,0.816279,9,5,5,13
2024-12-25T01:21:00+00:00,91,22,81,0.493407,10,8,4,12
2024-12-25T01:22:00+00:00,87,21,80,0.556322,12,4,6,14
2024-12-25T01:23:00+00:00,93,20,83,0.588043,9,6,2,15
2024-12-25T01:24:00+00:00,90,23,83,0.621111,11,8,5,13
2024-12-25T01:25:00+00:00,99,25,91,0.443434,10,5,7,16
2024-12-25T01:26:00+00:00,84,18,74,0.595181,9,5,4,12
2024-12-25T01:27:00+00:00,87,20,79,0.683908,10,7,4,12
2024-12-25T01:28:00+00:00,93,24,80,0.793548,11,3,8,14
2024-12-25T01:29:00+00:00,91,19,78,0.895604,8,6,6,15
2024-12-25T01:30:00+00:00,94,20,81,0.669149,11,8,4,15
2024-12-25T01:31:00+00:00,88,23,77,0.822727,11,5,6,13
2024-12-25T01:32:00+00:00,88,18,78,0.895402,10,4,6,13
2024-12-25T01:33:00+00:00,84,19,74,0.639286,9,7,3,12
2024-12-25T01:34:00+00:00,88,22,79,0.632955,12,4,6,12
2024-12-25T01:35:00+00:00,80,16,72,0.582500,7,5,4,13
2024-12-25T01:36:00+00:00,89,22,81,0.620225,10,9,3,13
2024-12-25T01:37:00+00:00,93,25,86,0.489247,11,5,6,15
2024-12-25T01:38:00+00:00,85,18,79,0.440476,10,5,4,14
2024-12-25T01:39:00+00:00,87,20,81,0.503448,9,7,5,15
2024-12-25T01:40:00+00:00,91,23,84,0.396703,12,4,5,12
2024-12-25T01:41:00+00:00,78,19,73,0.253247,11,5,3,10
2024-12-25T01:42:00+00:00,88,21,83,0.464773,10,8,5,15
2024-12-25T01:43:00+00:00,93,23,87,0.465591,11,5,5,15
2024-12-25T01:44:00+00:00,85,17,79,0.465476,9,5,5,13
2024-12-25T01:45:00+00:00,88,20,82,0.506818,10,6,4,14
2024-12-25T01:46:00+00:00,92,22,85,0.471739,11,4,4,16
2024-12-25T01:47:00+00:00,88,16,81,0.339080,10,5,3,12
2024-12-25T01:48:00+00:00,92,23,84,0.694565,13,8,4,13
2024-12-25T01:49:00+00:00,67,11,61,0.686567,4,4,4,12
2024-12-25T01:50:00+00:00,87,17,77,0.772093,11,5,5,13
2024-12-25T01:51:00+00:00,88,21,79,0.828409,11,7,4,12
2024-12-25T01:52:00+00:00,84,20,75,0.696429,11,4,4,10
2024-12-25T01:53:00+00:00,94,20,80,0.837234,12,4,5,15
2024-12-25T01:54:00+00:00,92,21,81,0.835870,12,8,5,15
2024-12-25T01:55:00+00:00,94,20,82,0.795745,11,5,4,15
2024-12-25T01:56:00+00:00,92,19,81,0.761538,9,5,5,15
2024-12-25T01:57:00+00:00,95,23,86,0.769474,12,9,5,14
2024-12-25T01:58:00+00:00,96,23,82,1.008333,12,5,6,11
2024-12-25T01:59:00+00:00,86,18,70,1.346154,9,4,6,13
2024-12-25T02:00:00+00:00,97,25,85,1.025773,14,9,6,12
2024-12-25T02:01:00+00:00,94,21,80,1.043617,11,5,7,16
2024-12-25T02:02:00+00:00,96,19,82,1.001053,11,5,6,15
2024-12-25T02:03:00+00:00,96,22,82,1.034375,13,8,5,15
2024-12-25T02:04:00+00:00,102,23,87,1.132353,12,5,8,16
2024-12-25T02:05:00+00:00,84,20,69,1.340964,10,5,6,13
2024-12-25T02:06:00+00:00,79,19,67,1.373418,9,6,4,12
2024-12-25T02:07:00+00:00,93,21,78,1.549462,12,5,8,12
2024-12-25T02:08:00+00:00,89,20,74,1.546591,10,5,9,12
2024-12-25T02:09:00+00:00,89,17,74,1.631461,11,5,6,14
2024-12-25T02:10:00+00:00,91,20,76,1.312088,12,5,8,15
2024-12-25T02:11:00+00:00,87,19,73,1.247126,11,4,6,14
2024-12-25T02:12:00+00:00,96,24,83,1.309375,13,9,6,15
2024-12-25T02:13:00+00:00,89,19,75,1.728090,10,4,8,13
2024-12-25T02:14:00+00:00,87,20,71,1.761628,9,5,9,14
2024-12-25T02:15:00+00:00,92,22,79,1.507609,11,7,6,14
2024-12-25T02:16:00+00:00,93,20,79,1.610753,11,5,7,12
2024-12-25T02:17:00+00:00,90,17,75,1.688764,9,5,8,15
2024-12-25T02:18:00+00:00,99,26,84,1.612121,14,9,7,15
2024-12-25T02:19:00+00:00,95,17,81,1.543158,11,5,6,15
2024-12-25T02:20:00+00:00,81,18,67,1.851852,9,4,9,12
2024-12-25T02:21:00+00:00,86,22,71,1.643023,11,8,7,16
2024-12-25T02:22:00+00:00,93,18,80,1.155914,11,5,6,15
2024-12-25T02:23:00+00:00,90,18,76,1.187640,9,5,9,13
2024-12-25T02:24:00+00:00,87,22,71,1.359770,13,7,6,16
2024-12-25T02:25:00+00:00,94,19,82,0.927660,12,5,6,15
2024-12-25T02:26:00+00:00,78,17,67,0.939744,9,5,8,13
2024-12-25T02:27:00+00:00,83,22,73,0.820482,9,7,8,13
2024-12-25T02:28:00+00:00,86,17,75,0.886047,10,5,7,13
2024-12-25T02:29:00+00:00,89,19,76,0.875281,10,5,9,16
2024-12-25T02:30:00+00:00,90,23,79,0.798889,11,8,7,13
2024-12-25T02:31:00+00:00,91,19,80,0.645055,11,5,5,14
2024-12-25T02:32:00+00:00,85,19,73,0.889286,10,5,8,15
2024-12-25T02:33:00+00:00,92,23,79,0.853261,12,7,7,15
2024-12-25T02:34:00+00:00,90,19,79,1.011111,9,4,9,15
2024-12-25T02:35:00+00:00,86,18,77,0.980000,9,4,8,13
2024-12-25T02:36:00+00:00,94,21,80,1.290426,11,7,8,15
2024-12-25T02:37:00+00:00,90,20,76,1.276667,9,5,7,14
2024-12-25T02:38:00+00:00,90,19,70,1.548315,11,4,9,14
2024-12-25T02:39:00+00:00,92,22,78,1.267391,12,8,6,15
2024-12-25T02:40:00+00:00,91,19,75,1.402198,13,4,6,14
2024-12-25T02:41:00+00:00,94,18,75,1.598925,12,5,7,13
2024-12-25T02:42:00+00:00,86,20,68,1.553488,9,8,8,16
2024-12-25T02:43:00+00:00,94,21,77,1.720213,13,5,8,12
2024-12-25T02:44:00+00:00,93,19,74,1.809783,10,5,8,14
2024-12-25T02:45:00+00:00,86,17,71,1.561628,12,6,3,15
2024-12-25T02:46:00+00:00,93,21,76,1.680645,12,5,7,14
2024-12-25T02:47:00+00:00,90,19,74,1.686667,11,4,8,14
2024-12-25T02:48:00+00:00,100,24,84,1.609000,12,9,8,15
2024-12-25T02:49:00+00:00,71,12,55,1.715493,6,4,7,14
2024-12-25T02:50:00+00:00,91,19,76,1.237778,12,4,9,14
2024-12-25T02:51:00+00:00,91,20,77,1.358242,10,7,7,14
2024-12-25T02:52:00+00:00,84,17,68,1.642857,10,3,6,10
2024-12-25T02:53:00+00:00,93,20,78,1.309783,12,5,5,17
2024-12-25T02:54:00+00:00,95,20,78,1.242105,11,7,6,16
2024-12-25T02:55:00+00:00,95,21,80,1.185263,12,4,7,14
2024-12-25T02:56:00+00:00,85,16,70,1.247059,9,4,5,16
2024-12-25T02:57:00+00:00,95,23,81,1.041053,13,8,6,14
2024-12-25T02:58:00+00:00,76,19,64,0.840789,8,4,4,11
2024-12-25T02:59:00+00:00,96,22,78,1.154000,12,5,6,17
2024-12-25T03:00:00+00:00,99,21,83,0.967677,11,7,5,14
2024-12-25T03:01:00+00:00,100,22,83,1.017000,12,4,6,16
2024-12-25T03:02:00+00:00,95,20,79,0.919149,11,6,5,17
2024-12-25T03:03:00+00:00,96,19,81,0.967708,11,6,5,17
2024-12-25T03:04:00+00:00,96,20,82,0.916667,12,3,6,16
2024-12-25T03:05:00+00:00,85,18,69,1.077381,9,6,4,15
2024-12-25T03:06:00+00:00,82,19,67,1.013415,10,7,3,12
2024-12-25T03:07:00+00:00,89,20,79,0.725843,9,4,5,15
2024-12-25T03:08:00+00:00,84,17,70,0.990476,11,5,5,15
2024-12-25T03:09:00+00:00,87,19,74,0.951724,12,5,5,16
2024-12-25T03:10:00+00:00,95,22,80,0.836842,12,5,4,14
2024-12-25T03:11:00+00:00,91,22,77,1.100000,12,6,5,17
2024-12-25T03:12:00+00:00,84,19,70,1.219048,11,8,3,14
2024-12-25T03:13:00+00:00,85,20,70,1.269412,10,4,5,13
2024-12-25T03:14:00+00:00,85,20,69,1.369048,10,7,3,14
2024-12-25T03:15:00+00:00,83,17,66,1.195181,10,5,4,16
2024-12-25T03:16:00+00:00,90,19,76,1.124444,9,4,5,14
2024-12-25T03:17:00+00:00,90,20,76,0.937079,10,6,6,15
2024-12-25T03:18:00+00:00,91,18,75,1.117582,11,6,4,16
2024-12-25T03:19:00+00:00,87,17,68,1.043678,10,4,5,16
2024-12-25T03:20:00+00:00,93,24,75,1.054348,11,7,4,15
2024-12-25T03:21:00+00:00,85,20,69,1.182353,11,6,5,14
2024-12-25T03:22:00+00:00,94,20,80,0.975532,10,5,4,14
2024-12-25T03:23:00+00:00,90,21,73,1.028090,11,6,6,15
2024-12-25T03:24:00+00:00,89,17,71,1.467416,12,7,4,15
2024-12-25T03:25:00+00:00,82,16,66,1.391463,10,3,5,14
2024-12-25T03:26:00+00:00,89,22,70,1.477528,10,7,6,14
2024-12-25T03:27:00+00:00,85,18,67,1.418824,12,4,1,16
2024-12-25T03:28:00+00:00,91,20,73,1.124176,11,5,5,14
2024-12-25T03:29:00+00:00,86,19,70,1.017647,9,6,3,15
2024-12-25T03:30:00+00:00,92,21,76,0.915217,13,8,2,15
2024-12-25T03:31:00+00:00,91,18,77,0.751648,10,3,3,13
2024-12-25T03:32:00+00:00,94,23,77,0.798925,10,7,4,17
2024-12-25T03:33:00+00:00,85,19,73,0.850588,12,6,2,16
2024-12-25T03:34:00+00:00,62,10,51,1.100000,7,4,1,12
2024-12-25T03:35:00+00:00,86,20,74,0.832941,11,6,2,16
2024-12-25T03:36:00+00:00,63,9,52,1.074603,6,3,2,12
2024-12-25T03:37:00+00:00,86,18,74,0.909302,11,4,3,12
2024-12-25T03:38:00+00:00,92,24,81,0.614286,11,7,4,15
2024-12-25T03:39:00+00:00,100,21,86,0.879000,14,8,2,17
2024-12-25T03:40:00+00:00,96,17,82,0.971875,11,4,3,15
2024-12-25T03:41:00+00:00,90,18,74,0.946067,13,5,2,14
2024-12-25T03:42:00+00:00,92,21,79,0.792391,11,8,1,15
2024-12-25T03:43:00+00:00,89,17,75,0.978652,10,4,4,14
2024-12-25T03:44:00+00:00,87,19,71,0.940698,12,5,4,16
2024-12-25T03:45:00+00:00,94,21,81,0.768085,13,7,2,17
2024-12-25T03:46:00+00:00,98,19,84,0.823469,10,5,4,15
2024-12-25T03:47:00+00:00,95,21,80,0.913830,12,6,3,16
2024-12-25T03:48:00+00:00,85,20,72,0.992941,11,8,1,13
2024-12-25T03:49:00+00:00,69,10,55,1.195652,6,4,1,14
2024-12-25T03:50:00+00:00,87,23,75,0.755814,10,7,4,15
2024-12-25T03:51:00+00:00,87,20,75,0.811494,12,7,2,14
2024-12-25T03:52:00+00:00,88,18,72,1.015909,10,4,4,11
2024-12-25T03:53:00+00:00,91,22,74,0.914286,11,7,4,16
2024-12-25T03:54:00+00:00,97,21,82,0.791753,12,8,2,16
2024-12-25T03:55:00+00:00,93,18,78,0.928261,9,4,3,15
2024-12-25T03:56:00+00:00,97,23,79,1.046875,11,7,4,17
2024-12-25T03:57:00+00:00,83,20,70,1.091566,12,8,2,16
2024-12-25T03:58:00+00:00,86,17,71,1.081395,10,5,3,13
2024-12-25T03:59:00+00:00,93,22,76,1.583168,10,5,4,16
2024-12-25T04:00:00+00:00,85,21,72,0.976471,12,7,2,11
2024-12-25T04:01:00+00:00,100,18,84,1.216162,8,4,4,16
2024-12-25T04:02:00+00:00,92,19,74,1.089011,8,6,4,17
2024-12-25T04:03:00+00:00,94,21,76,1.050000,12,8,2,17
2024-12-25T04:04:00+00:00,95,16,80,0.871579,9,4,3,16
2024-12-25T04:05:00+00:00,86,20,73,0.836471,9,7,3,14
2024-12-25T04:06:00+00:00,86,22,73,0.910465,12,8,0,13
2024-12-25T04:07:00+00:00,86,17,71,1.046512,8,4,4,13
2024-12-25T04:08:00+00:00,84,20,72,1.026506,8,5,3,16
2024-12-25T04:09:00+00:00,90,21,75,1.230000,11,8,2,14
2024-12-25T04:10:00+00:00,91,18,77,1.385714,9,4,5,12
2024-12-25T04:11:00+00:00,95,22,79,1.400000,10,7,3,15
2024-12-25T04:12:00+00:00,89,21,73,1.510112,11,8,0,15
2024-12-25T04:13:00+00:00,84,18,70,0.988095,9,4,5,12
2024-12-25T04:14:00+00:00,78,19,66,1.180519,8,7,3,15
2024-12-25T04:15:00+00:00,84,20,72,0.963095,10,6,2,15
2024-12-25T04:16:00+00:00,88,15,78,0.957955,6,4,5,14
2024-12-25T04:17:00+00:00,84,20,71,1.187952,10,7,3,15
2024-12-25T04:18:00+00:00,89,20,77,1.168539,11,7,2,13
2024-12-25T04:19:00+00:00,84,19,73,1.053571,8,5,4,13
2024-12-25T04:20:00+00:00,83,18,73,0.930120,9,5,2,13
2024-12-25T04:21:00+00:00,87,23,74,0.985057,11,7,2,12
2024-12-25T04:22:00+00:00,88,17,75,1.026136,8,5,5,13
2024-12-25T04:23:00+00:00,84,20,76,0.660241,7,7,3,12
2024-12-25T04:24:00+00:00,92,20,78,1.106522,12,6,2,16
2024-12-25T04:25:00+00:00,94,19,82,1.041489,8,6,5,16
2024-12-25T04:26:00+00:00,86,19,77,0.861176,10,6,3,14
2024-12-25T04:27:00+00:00,89,21,78,0.980899,11,7,1,16
2024-12-25T04:28:00+00:00,84,17,76,0.635714,7,5,2,12
2024-12-25T04:29:00+00:00,90,20,80,0.815730,8,7,3,13
2024-12-25T04:30:00+00:00,81,18,69,1.013580,11,7,2,14
2024-12-25T04:31:00+00:00,86,22,76,0.789535,7,6,5,13
2024-12-25T04:32:00+00:00,79,19,66,1.374359,7,5,3,14
2024-12-25T04:33:00+00:00,86,19,74,1.260465,11,4,2,15
2024-12-25T04:34:00+00:00,86,20,74,1.436047,7,5,3,12
2024-12-25T04:35:00+00:00,84,20,75,1.154217,8,5,2,14
2024-12-25T04:36:00+00:00,80,18,70,1.175000,9,6,2,12
2024-12-25T04:37:00+00:00,81,21,75,0.719753,7,4,5,12
2024-12-25T04:38:00+00:00,77,18,70,0.600000,9,5,2,13
2024-12-25T04:39:00+00:00,51,18,50,0.066667,8,5,0,1
2024-12-25T04:40:00+00:00,36,11,34,0.247222,1,4,1,0
2024-12-25T04:41:00+00:00,49,18,49,0.038776,7,4,1,1
2024-12-25T04:42:00+00:00,49,16,48,0.071429,7,6,0,1
2024-12-25T04:43:00+00:00,30,11,29,0.073333,1,2,1,0
2024-12-25T04:44:00+00:00,51,21,49,0.086275,7,6,1,1
2024-12-25T04:45:00+00:00,51,16,51,0.027451,7,5,0,2
2024-12-25T04:46:00+00:00,38,9,36,0.484211,1,2,0,0
2024-12-25T04:47:00+00:00,43,16,41,0.085714,5,5,1,3
2024-12-25T04:48:00+00:00,49,19,49,0.036735,8,6,0,1
2024-12-25T04:49:00+00:00,93,20,83,0.613978,7,6,4,16
2024-12-25T04:50:00+00:00,44,9,43,0.054545,3,1,2,1
2024-12-25T04:51:00+00:00,61,19,60,0.437705,8,5,2,2
2024-12-25T04:52:00+00:00,61,20,60,0.432787,5,5,3,2
2024-12-25T04:53:00+00:00,43,12,42,0.067442,5,2,2,2
2024-12-25T04:54:00+00:00,49,16,49,0.051020,5,6,2,2
2024-12-25T04:55:00+00:00,60,20,60,0.013333,5,5,2,2
2024-12-25T04:56:00+00:00,43,11,42,0.146512,4,2,2,3
2024-12-25T04:57:00+00:00,53,18,53,0.056604,8,6,1,2
2024-12-25T04:58:00+00:00,66,20,66,0.037879,5,5,3,2
2024-12-25T04:59:00+00:00,95,20,85,0.865979,10,6,3,16
2024-12-25T05:00:00+00:00,84,16,77,0.942857,8,8,2,14
2024-12-25T05:01:00+00:00,94,18,84,1.007447,7,7,3,16
2024-12-25T05:02:00+00:00,95,18,83,0.963830,9,6,4,16
2024-12-25T05:03:00+00:00,93,19,84,0.834409,11,8,2,14
2024-12-25T05:04:00+00:00,74,18,68,0.589189,5,4,3,8
2024-12-25T05:05:00+00:00,78,18,70,1.048052,10,6,2,13
2024-12-25T05:06:00+00:00,86,18,75,1.206977,8,8,2,14
2024-12-25T05:07:00+00:00,78,21,70,0.984615,7,6,3,8
2024-12-25T05:08:00+00:00,73,17,63,1.254795,7,5,2,13
2024-12-25T05:09:00+00:00,83,20,74,1.048193,10,7,2,7
2024-12-25T05:10:00+00:00,80,21,69,1.061250,8,7,2,11
2024-12-25T05:11:00+00:00,76,16,65,0.910667,7,5,3,11
2024-12-25T05:12:00+00:00,78,19,67,1.267949,10,8,1,11
2024-12-25T05:13:00+00:00,75,18,64,1.045333,5,5,2,12
2024-12-25T05:14:00+00:00,63,11,52,1.341935,5,4,2,8
2024-12-25T05:15:00+00:00,80,19,69,1.156250,9,7,1,12
2024-12-25T05:16:00+00:00,69,15,62,0.939130,7,5,2,11
2024-12-25T05:17:00+00:00,76,16,66,0.866667,8,3,3,12
2024-12-25T05:18:00+00:00,72,18,62,1.148611,10,5,2,11
2024-12-25T05:19:00+00:00,63,15,59,0.622222,5,4,3,9
2024-12-25T05:20:00+00:00,67,15,57,0.919697,7,6,2,11
2024-12-25T05:21:00+00:00,68,14,61,0.961765,4,6,2,9
2024-12-25T05:22:00+00:00,76,14,67,1.072368,5,6,1,8
2024-12-25T05:23:00+00:00,70,14,62,0.854286,7,4,3,11
2024-12-25T05:24:00+00:00,58,15,50,0.887931,8,6,2,10
2024-12-25T05:25:00+00:00,64,13,58,0.751563,4,4,2,9
2024-12-25T05:26:00+00:00,68,13,59,0.747761,6,4,2,12
2024-12-25T05:27:00+00:00,62,13,54,0.980645,6,5,1,11
2024-12-25T05:28:00+00:00,65,11,59,0.603077,5,5,1,11
2024-12-25T05:29:00+00:00,59,14,49,0.963793,6,3,2,10
2024-12-25T05:30:00+00:00,73,12,62,0.878082,8,6,3,12
2024-12-25T05:31:00+00:00,64,13,53,1.226562,5,4,2,10
2024-12-25T05:32:00+00:00,65,15,54,1.000000,7,4,3,7
2024-12-25T05:33:00+00:00,58,10,49,0.941379,6,5,3,9
2024-12-25T05:34:00+00:00,68,13,59,0.891176,4,5,3,9
2024-12-25T05:35:00+00:00,64,11,53,1.000000,6,2,2,10
2024-12-25T05:36:00+00:00,60,9,50,1.086667,3,4,3,11
2024-12-25T05:37:00+00:00,55,10,45,1.212727,3,2,3,10
2024-12-25T05:38:00+00:00,74,16,64,0.780822,5,7,3,14
2024-12-25T05:39:00+00:00,62,14,52,0.895161,6,7,3,8
2024-12-25T05:40:00+00:00,49,9,42,1.014286,3,2,1,11
2024-12-25T05:41:00+00:00,60,15,53,0.765000,4,6,3,11
2024-12-25T05:42:00+00:00,55,10,48,0.874545,5,4,1,11
2024-12-25T05:43:00+00:00,49,9,40,1.234694,4,4,1,9
2024-12-25T05:44:00+00:00,60,13,54,0.642373,3,4,4,10
2024-12-25T05:45:00+00:00,62,11,52,0.870968,5,4,0,15
2024-12-25T05:46:00+00:00,40,6,36,0.960000,3,1,3,5
2024-12-25T05:47:00+00:00,61,15,55,0.583333,6,3,3,8
2024-12-25T05:48:00+00:00,57,8,48,1.163158,4,5,1,12
2024-12-25T05:49:00+00:00,73,14,68,0.398630,4,5,3,13
2024-12-25T05:50:00+00:00,65,12,56,0.857813,8,3,4,12
2024-12-25T05:51:00+00:00,63,12,56,0.814286,7,4,1,13
2024-12-25T05:52:00+00:00,65,11,60,0.672308,5,5,3,10
2024-12-25T05:53:00+00:00,51,14,45,0.704000,6,6,1,7
2024-12-25T05:54:00+00:00,73,14,64,0.832877,9,6,2,12
2024-12-25T05:55:00+00:00,75,15,67,0.470667,5,5,3,11
2024-12-25T05:56:00+00:00,64,15,56,0.566667,6,4,3,8
2024-12-25T05:57:00+00:00,83,19,74,0.469880,10,6,3,13
2024-12-25T05:58:00+00:00,81,21,76,0.254321,5,5,3,11
2024-12-25T05:59:00+00:00,86,20,78,0.527778,9,5,4,15
2024-12-25T06:00:00+00:00,87,18,77,0.511236,9,7,2,15
2024-12-25T06:01:00+00:00,96,21,85,0.632292,7,6,5,16
2024-12-25T06:02:00+00:00,95,19,84,0.644681,9,5,5,16
2024-12-25T06:03:00+00:00,84,17,74,0.729762,9,7,3,14
2024-12-25T06:04:00+00:00,85,20,75,0.694118,7,5,2,12
2024-12-25T06:05:00+00:00,73,19,68,0.584722,8,5,4,9
2024-12-25T06:06:00+00:00,79,16,72,0.260759,9,6,1,13
2024-12-25T06:07:00+00:00,88,21,83,0.425000,5,6,5,11
2024-12-25T06:08:00+00:00,72,17,65,0.664789,8,4,4,9
2024-12-25T06:09:00+00:00,70,17,67,0.425714,9,6,1,12
2024-12-25T06:10:00+00:00,81,19,76,0.579012,6,4,4,11
2024-12-25T06:11:00+00:00,74,17,69,0.283562,10,5,3,10
2024-12-25T06:12:00+00:00,81,17,75,0.598765,8,6,3,12
2024-12-25T06:13:00+00:00,78,19,74,0.460256,5,4,4,13
2024-12-25T06:14:00+00:00,67,18,62,0.584848,9,6,3,7
2024-12-25T06:15:00+00:00,70,17,65,0.551429,7,7,3,13
2024-12-25T06:16:00+00:00,80,15,74,0.341250,7,4,2,10
2024-12-25T06:17:00+00:00,68,15,65,0.210294,7,5,2,10
2024-12-25T06:18:00+00:00,67,16,64,0.277612,8,5,4,13
2024-12-25T06:19:00+00:00,78,16,72,0.435897,5,5,2,11
2024-12-25T06:20:00+00:00,68,17,62,0.295522,9,4,3,11
2024-12-25T06:21:00+00:00,67,13,64,0.259701,6,5,3,10
2024-12-25T06:22:00+00:00,76,18,70,0.159211,7,4,1,11
2024-12-25T06:23:00+00:00,71,17,65,0.261429,8,5,3,11
2024-12-25T06:24:00+00:00,66,15,63,0.274242,6,6,2,11
2024-12-25T06:25:00+00:00,60,13,58,0.160000,3,5,1,9
2024-12-25T06:26:00+00:00,65,13,64,0.046875,6,3,4,9
2024-12-25T06:27:00+00:00,59,11,57,0.138983,5,4,2,12
2024-12-25T06:28:00+00:00,64,16,63,0.150000,5,4,3,8
2024-12-25T06:29:00+00:00,63,10,62,0.068254,4,2,3,9
2024-12-25T06:30:00+00:00,64,12,64,0.045313,6,3,3,10
2024-12-25T06:31:00+00:00,68,14,67,0.145588,3,4,3,8
2024-12-25T06:32:00+00:00,49,9,48,0.060417,3,3,2,8
2024-12-25T06:33:00+00:00,62,10,61,0.153226,5,5,2,8
2024-12-25T06:34:00+00:00,62,15,61,0.150000,5,2,2,12
2024-12-25T06:35:00+00:00,56,10,55,0.038182,4,4,2,8
2024-12-25T06:36:00+00:00,59,11,58,0.144068,4,7,2,10
2024-12-25T06:37:00+00:00,62,12,62,0.041935,4,4,3,9
2024-12-25T06:38:00+00:00,57,13,56,0.142105,5,6,3,8
2024-12-25T06:39:00+00:00,61,10,60,0.134426,5,2,3,9
2024-12-25T06:40:00+00:00,51,6,51,0.023529,0,1,2,9
2024-12-25T06:41:00+00:00,61,11,60,0.121311,4,5,3,11
2024-12-25T06:42:00+00:00,57,9,56,0.131579,4,4,1,8
2024-12-25T06:43:00+00:00,40,4,39,0.255000,0,1,2,10
2024-12-25T06:44:00+00:00,51,11,50,0.135294,4,4,3,7
2024-12-25T06:45:00+00:00,58,11,55,0.432759,6,2,1,9
2024-12-25T06:46:00+00:00,45,9,44,0.231111,2,1,4,6
2024-12-25T06:47:00+00:00,63,10,59,0.430645,6,3,3,11
2024-12-25T06:48:00+00:00,51,12,49,0.227451,4,5,0,9
2024-12-25T06:49:00+00:00,73,17,71,0.217808,6,3,4,9
2024-12-25T06:50:00+00:00,60,9,56,0.298305,5,2,3,11
2024-12-25T06:51:00+00:00,60,12,58,0.223333,5,5,2,8
2024-12-25T06:52:00+00:00,54,12,54,0.038889,4,1,0,7
2024-12-25T06:53:00+00:00,62,13,59,0.598387,6,2,4,10
2024-12-25T06:54:00+00:00,65,15,63,0.450769,6,6,4,11
2024-12-25T06:55:00+00:00,71,17,69,0.126761,5,3,1,12
2024-12-25T06:56:00+00:00,73,18,72,0.022222,7,4,3,9
2024-12-25T06:57:00+00:00,73,16,72,0.131507,7,7,3,9
2024-12-25T06:58:00+00:00,92,23,91,0.080435,7,5,5,14
2024-12-25T06:59:00+00:00,79,19,78,0.053750,7,6,5,14
2024-12-25T07:00:00+00:00,88,17,88,0.052273,8,7,3,15
2024-12-25T07:01:00+00:00,98,22,97,0.057143,7,6,5,16
2024-12-25T07:02:00+00:00,85,18,84,0.112941,8,5,5,15
2024-12-25T07:03:00+00:00,78,16,78,0.043590,6,7,2,13
2024-12-25T07:04:00+00:00,80,23,78,0.135000,7,4,4,10
2024-12-25T07:05:00+00:00,70,20,68,0.126087,6,6,4,9
2024-12-25T07:06:00+00:00,73,17,73,0.043836,8,6,2,9
2024-12-25T07:07:00+00:00,94,22,92,0.174468,7,5,2,16
2024-12-25T07:08:00+00:00,68,20,66,0.055224,7,5,5,4
2024-12-25T07:09:00+00:00,65,16,63,0.078462,7,6,1,8
2024-12-25T07:10:00+00:00,86,21,84,0.067442,7,4,4,12
2024-12-25T07:11:00+00:00,79,19,77,0.048718,6,6,4,12
2024-12-25T07:12:00+00:00,74,17,72,0.141892,7,6,2,12
2024-12-25T07:13:00+00:00,72,18,71,0.131944,6,1,3,9
2024-12-25T07:14:00+00:00,60,15,58,0.135593,4,5,2,7
2024-12-25T07:15:00+00:00,72,15,69,0.255556,8,4,2,9
2024-12-25T07:16:00+00:00,73,19,70,0.265753,7,3,4,10
2024-12-25T07:17:00+00:00,68,15,66,0.217647,4,4,3,10
2024-12-25T07:18:00+00:00,61,14,60,0.067213,6,6,2,7
2024-12-25T07:19:00+00:00,76,18,73,0.301316,6,3,4,11
2024-12-25T07:20:00+00:00,67,17,64,0.528358,5,5,2,11
2024-12-25T07:21:00+00:00,64,12,61,0.557813,6,4,3,7
2024-12-25T07:22:00+00:00,47,6,45,0.370213,1,1,1,10
2024-12-25T07:23:00+00:00,58,15,56,0.168421,4,6,4,9
2024-12-25T07:24:00+00:00,55,8,53,0.285455,3,2,2,11
2024-12-25T07:25:00+00:00,90,20,88,0.193333,6,5,5,14
2024-12-25T07:26:00+00:00,64,14,61,0.257143,5,4,2,11
2024-12-25T07:27:00+00:00,56,13,55,0.169643,4,4,2,10
2024-12-25T07:28:00+00:00,69,15,68,0.139130,6,2,1,9
2024-12-25T07:29:00+00:00,62,15,60,0.145902,6,4,2,9
2024-12-25T07:30:00+00:00,55,7,52,0.392727,2,3,2,9
2024-12-25T07:31:00+00:00,68,14,66,0.202941,5,0,3,12
2024-12-25T07:32:00+00:00,56,14,53,0.258182,4,5,1,10
2024-12-25T07:33:00+00:00,54,9,51,0.385185,5,3,1,10
2024-12-25T07:34:00+00:00,55,10,52,0.330909,0,2,2,10
2024-12-25T07:35:00+00:00,58,16,56,0.152632,4,6,1,9
2024-12-25T07:36:00+00:00,52,13,50,0.438462,5,6,2,9
2024-12-25T07:37:00+00:00,49,10,46,0.577551,1,3,2,9
2024-12-25T07:38:00+00:00,59,13,57,0.132759,3,3,4,10
2024-12-25T07:39:00+00:00,59,13,56,0.498305,6,5,2,13
2024-12-25T07:40:00+00:00,46,10,44,0.469565,3,2,3,4
2024-12-25T07:41:00+00:00,55,16,52,0.412963,5,3,4,11
2024-12-25T07:42:00+00:00,51,10,49,0.419608,3,4,2,9
2024-12-25T07:43:00+00:00,52,13,49,0.248077,5,3,2,10
2024-12-25T07:44:00+00:00,52,13,48,0.384314,5,2,5,10
2024-12-25T07:45:00+00:00,52,10,48,0.603846,3,4,1,11
2024-12-25T07:46:00+00:00,42,8,39,0.411905,2,0,3,9
2024-12-25T07:47:00+00:00,51,14,49,0.456863,5,3,3,9
2024-12-25T07:48:00+00:00,58,13,57,0.150000,4,6,1,10
2024-12-25T07:49:00+00:00,71,17,68,0.374648,6,2,4,10
2024-12-25T07:50:00+00:00,48,9,46,0.289583,3,2,4,9
2024-12-25T07:51:00+00:00,54,14,52,0.281481,6,5,3,9
2024-12-25T07:52:00+00:00,72,15,69,0.298611,5,1,4,12
2024-12-25T07:53:00+00:00,55,13,53,0.252727,5,3,1,13
2024-12-25T07:54:00+00:00,59,14,58,0.152542,5,6,2,5
2024-12-25T07:55:00+00:00,76,18,74,0.209211,6,2,3,12
2024-12-25T07:56:00+00:00,64,17,64,0.015625,7,4,2,9
2024-12-25T07:57:00+00:00,70,15,68,0.272857,5,6,2,11
2024-12-25T07:58:00+00:00,92,23,90,0.201087,6,5,7,13
2024-12-25T07:59:00+00:00,82,18,80,0.102410,6,4,3,12
2024-12-25T08:00:00+00:00,90,18,88,0.202198,8,6,3,15
2024-12-25T08:01:00+00:00,95,22,93,0.206316,6,5,6,16
2024-12-25T08:02:00+00:00,91,21,88,0.196667,8,5,4,15
2024-12-25T08:03:00+00:00,79,16,78,0.175949,7,5,3,11
2024-12-25T08:04:00+00:00,77,22,77,0.036364,6,5,4,8
2024-12-25T08:05:00+00:00,74,18,72,0.168493,7,4,2,10
2024-12-25T08:06:00+00:00,75,19,74,0.149333,8,6,3,14
2024-12-25T08:07:00+00:00,62,21,62,0.024194,6,4,4,3
2024-12-25T08:08:00+00:00,75,21,73,0.066216,7,6,1,12
2024-12-25T08:09:00+00:00,75,16,75,0.037333,7,5,2,9
2024-12-25T08:10:00+00:00,74,18,74,0.029730,5,3,3,11
2024-12-25T08:11:00+00:00,65,16,64,0.126154,5,4,5,8
2024-12-25T08:12:00+00:00,59,13,59,0.032203,5,5,1,11
2024-12-25T08:13:00+00:00,73,19,72,0.142466,6,4,3,12
2024-12-25T08:14:00+00:00,63,16,61,0.162903,6,4,3,7
2024-12-25T08:15:00+00:00,73,15,71,0.239726,6,5,2,13
2024-12-25T08:16:00+00:00,61,16,59,0.308197,5,3,2,7
2024-12-25T08:17:00+00:00,72,18,70,0.157746,7,4,4,9
2024-12-25T08:18:00+00:00,56,12,54,0.458929,7,3,1,9
2024-12-25T08:19:00+00:00,58,15,58,0.041379,4,2,3,10
2024-12-25T08:20:00+00:00,55,11,53,0.183333,3,4,3,10
2024-12-25T08:21:00+00:00,59,13,58,0.315254,7,4,1,11
2024-12-25T08:22:00+00:00,64,13,62,0.434375,1,1,5,10
2024-12-25T08:23:00+00:00,59,16,56,0.477586,5,5,2,8
2024-12-25T08:24:00+00:00,64,14,63,0.171875,6,5,0,13
2024-12-25T08:25:00+00:00,65,13,63,0.447692,3,4,3,7
2024-12-25T08:26:00+00:00,65,19,63,0.309375,6,6,4,9
2024-12-25T08:27:00+00:00,67,15,66,0.176119,8,4,1,11
2024-12-25T08:28:00+00:00,47,7,45,0.600000,4,0,1,6
2024-12-25T08:29:00+00:00,56,15,54,0.494643,5,3,4,5
2024-12-25T08:30:00+00:00,50,11,48,0.556000,4,4,2,8
2024-12-25T08:31:00+00:00,58,11,58,0.025862,3,1,3,8
2024-12-25T08:32:00+00:00,53,10,51,0.365385,2,4,3,10
2024-12-25T08:33:00+00:00,47,9,47,0.029787,3,3,0,9
2024-12-25T08:34:00+00:00,51,11,49,0.562745,3,1,4,8
2024-12-25T08:35:00+00:00,63,13,61,0.175806,6,3,1,9
2024-12-25T08:36:00+00:00,50,9,49,0.232000,3,2,2,7
2024-12-25T08:37:00+00:00,51,10,50,0.147059,3,4,2,9
2024-12-25T08:38:00+00:00,49,12,48,0.102041,3,4,1,11
2024-12-25T08:39:00+00:00,44,10,44,0.031818,4,3,2,5
2024-12-25T08:40:00+00:00,46,8,46,0.030435,1,3,2,9
2024-12-25T08:41:00+00:00,50,12,50,0.040000,4,4,1,11
2024-12-25T08:42:00+00:00,55,7,55,0.030909,4,2,2,9
2024-12-25T08:43:00+00:00,35,6,34,0.071429,1,2,1,4
2024-12-25T08:44:00+00:00,52,13,52,0.036538,4,5,1,11
2024-12-25T08:45:00+00:00,46,12,46,0.036957,6,4,1,9
2024-12-25T08:46:00+00:00,42,8,42,0.016667,3,2,2,8
2024-12-25T08:47:00+00:00,55,11,55,0.023636,4,4,2,11
2024-12-25T08:48:00+00:00,52,12,52,0.021154,6,3,0,8
2024-12-25T08:49:00+00:00,65,16,65,0.049231,5,4,4,10
2024-12-25T08:50:00+00:00,67,13,66,0.028788,5,4,1,11
2024-12-25T08:51:00+00:00,53,17,53,0.028302,7,6,2,6
2024-12-25T08:52:00+00:00,62,14,62,0.029032,3,4,2,13
2024-12-25T08:53:00+00:00,60,13,59,0.028814,4,6,2,7
2024-12-25T08:54:00+00:00,65,18,65,0.036923,8,5,2,10
2024-12-25T08:55:00+00:00,60,15,60,0.040000,3,4,1,10
2024-12-25T08:56:00+00:00,69,18,68,0.033824,5,5,2,8
2024-12-25T08:57:00+00:00,68,12,68,0.032353,4,5,1,9
2024-12-25T08:58:00+00:00,80,23,80,0.038750,6,4,3,11
2024-12-25T08:59:00+00:00,82,21,82,0.027381,7,6,2,14
2024-12-25T09:00:00+00:00,91,18,91,0.028571,8,6,3,14
2024-12-25T09:01:00+00:00,69,13,69,0.033333,4,4,3,12
2024-12-25T09:02:00+00:00,52,21,51,0.033333,8,5,1,1
2024-12-25T09:03:00+00:00,50,17,50,0.046000,6,6,1,1
2024-12-25T09:04:00+00:00,24,6,24,0.037500,4,2,0,0
2024-12-25T09:05:00+00:00,7,1,7,0.014286,0,0,0,0
2024-12-25T09:06:00+00:00,4,0,4,0.000000,0,0,0,0
2024-12-25T09:07:00+00:00,2,1,2,0.000000,0,1,0,0
2024-12-25T09:08:00+00:00,3,1,3,0.066667,0,0,0,0
2024-12-25T09:09:00+00:00,3,0,3,0.000000,0,0,0,0
2024-12-25T09:12:00+00:00,1,0,1,0.100000,0,0,0,0
2024-12-25T09:18:00+00:00,1,0,1,0.000000,0,0,0,0
2024-12-25T09:23:00+00:00,1,0,1,0.000000,0,0,0,0
2024-12-25T09:25:00+00:00,73,16,73,0.041096,2,3,4,16
2024-12-25T09:26:00+00:00,86,20,85,0.018824,7,5,3,15
2024-12-25T09:27:00+00:00,89,18,89,0.046067,8,6,2,15
2024-12-25T09:28:00+00:00,70,18,70,0.034286,6,3,1,11
2024-12-25T09:29:00+00:00,70,21,69,0.040580,8,6,3,5
2024-12-25T09:30:00+00:00,84,16,84,0.033333,7,6,2,15
2024-12-25T09:31:00+00:00,85,19,85,0.034118,5,4,3,15
2024-12-25T09:32:00+00:00,89,21,88,0.039773,7,5,5,15
2024-12-25T09:33:00+00:00,84,18,84,0.038095,8,6,2,15
2024-12-25T09:34:00+00:00,90,22,89,0.071111,6,4,3,15
2024-12-25T09:35:00+00:00,72,20,70,0.123611,7,5,3,12
2024-12-25T09:36:00+00:00,72,19,71,0.119444,8,6,1,9
2024-12-25T09:37:00+00:00,89,21,89,0.042697,5,5,3,13
2024-12-25T09:38:00+00:00,77,17,75,0.128947,5,5,4,14
2024-12-25T09:39:00+00:00,83,17,82,0.127711,8,4,2,15
2024-12-25T09:40:00+00:00,92,21,91,0.102174,4,4,4,16
2024-12-25T09:41:00+00:00,84,20,82,0.107229,7,4,4,14
2024-12-25T09:42:00+00:00,57,13,56,0.163158,6,5,1,11
2024-12-25T09:43:00+00:00,75,21,74,0.133333,5,4,3,14
2024-12-25T09:44:00+00:00,73,21,72,0.038889,7,6,4,7
2024-12-25T09:45:00+00:00,86,19,85,0.122093,8,6,2,15
2024-12-25T09:46:00+00:00,95,21,94,0.106316,6,4,4,16
2024-12-25T09:47:00+00:00,84,22,82,0.116867,8,6,4,15
2024-12-25T09:48:00+00:00,87,18,86,0.116092,7,6,2,13
2024-12-25T09:49:00+00:00,57,13,56,0.147368,1,4,1,15
2024-12-25T09:50:00+00:00,78,19,78,0.035897,7,5,3,9
2024-12-25T09:51:00+00:00,77,20,76,0.131169,8,6,2,12
2024-12-25T09:52:00+00:00,86,22,85,0.122093,6,4,4,12
2024-12-25T09:53:00+00:00,89,21,87,0.113636,7,6,3,15
2024-12-25T09:54:00+00:00,88,18,87,0.107955,8,5,2,14
2024-12-25T09:55:00+00:00,88,20,87,0.109091,6,5,2,15
2024-12-25T09:56:00+00:00,80,20,78,0.121519,7,5,4,14
2024-12-25T09:57:00+00:00,77,18,77,0.038961,8,6,0,13
2024-12-25T09:58:00+00:00,89,21,88,0.120225,6,4,3,12
2024-12-25T09:59:00+00:00,85,22,82,0.111765,7,6,4,11
2024-12-25T10:00:00+00:00,92,20,91,0.114130,8,6,2,15
2024-12-25T10:01:00+00:00,95,21,94,0.100000,6,4,4,16
2024-12-25T10:02:00+00:00,89,21,87,0.119318,7,5,4,15
2024-12-25T10:03:00+00:00,73,17,73,0.039726,7,6,2,13
2024-12-25T10:04:00+00:00,81,23,80,0.116049,6,4,2,9
2024-12-25T10:05:00+00:00,74,20,72,0.115068,7,5,4,10
2024-12-25T10:06:00+00:00,70,18,70,0.022857,8,5,0,9
2024-12-25T10:07:00+00:00,83,23,81,0.125301,6,5,4,11
2024-12-25T10:08:00+00:00,74,19,73,0.028767,7,5,3,7
2024-12-25T10:09:00+00:00,66,19,65,0.137879,7,6,2,7
2024-12-25T10:10:00+00:00,77,20,77,0.033766,6,4,1,11
2024-12-25T10:11:00+00:00,63,17,61,0.129032,5,5,1,9
2024-12-25T10:12:00+00:00,71,19,71,0.032394,8,5,3,11
2024-12-25T10:13:00+00:00,64,16,64,0.040625,4,3,3,7
2024-12-25T10:14:00+00:00,62,15,60,0.137705,5,4,0,11
2024-12-25T10:15:00+00:00,46,12,46,0.034783,6,3,3,6
2024-12-25T10:16:00+00:00,60,15,60,0.026667,5,3,1,9
2024-12-25T10:17:00+00:00,82,19,80,0.112346,5,6,3,15
2024-12-25T10:18:00+00:00,66,18,65,0.133333,7,6,2,6
2024-12-25T10:19:00+00:00,60,11,59,0.118333,4,3,1,13
2024-12-25T10:20:00+00:00,45,7,43,0.188636,3,1,2,6
2024-12-25T10:21:00+00:00,46,10,45,0.154348,3,3,3,8
2024-12-25T10:22:00+00:00,72,14,71,0.075000,4,2,1,10
2024-12-25T10:23:00+00:00,53,12,51,0.150000,5,2,1,10
2024-12-25T10:24:00+00:00,43,10,42,0.186047,3,3,3,9
2024-12-25T10:25:00+00:00,60,11,58,0.248333,4,2,1,10
2024-12-25T10:26:00+00:00,77,18,73,0.197368,5,6,3,14
2024-12-25T10:27:00+00:00,57,17,57,0.040351,7,5,2,7
2024-12-25T10:28:00+00:00,61,14,59,0.177049,4,5,2,14
2024-12-25T10:29:00+00:00,48,8,46,0.204167,3,3,2,3
2024-12-25T10:30:00+00:00,66,12,64,0.171212,3,3,1,15
2024-12-25T10:31:00+00:00,61,16,60,0.142623,3,4,2,8
2024-12-25T10:32:00+00:00,56,12,56,0.037500,4,4,1,8
2024-12-25T10:33:00+00:00,55,12,54,0.163636,4,4,2,9
2024-12-25T10:34:00+00:00,64,12,63,0.146875,1,4,2,12
2024-12-25T10:35:00+00:00,59,14,59,0.032203,4,5,2,7
2024-12-25T10:36:00+00:00,58,10,57,0.160345,3,4,1,13
2024-12-25T10:37:00+00:00,64,15,63,0.151562,6,5,3,9
2024-12-25T10:38:00+00:00,55,14,53,0.170370,5,2,3,7
2024-12-25T10:39:00+00:00,43,9,43,0.023256,4,4,0,9
2024-12-25T10:40:00+00:00,48,5,47,0.181250,1,1,2,10
2024-12-25T10:41:00+00:00,52,11,51,0.165385,4,3,1,9
2024-12-25T10:42:00+00:00,46,7,46,0.034783,2,4,0,7
2024-12-25T10:43:00+00:00,38,6,37,0.226316,2,2,1,11
2024-12-25T10:44:00+00:00,60,12,58,0.169492,5,2,3,10
2024-12-25T10:45:00+00:00,53,12,53,0.020755,4,5,2,11
2024-12-25T10:46:00+00:00,45,10,44,0.188889,4,1,0,12
2024-12-25T10:47:00+00:00,53,12,52,0.038462,4,3,3,4
2024-12-25T10:48:00+00:00,67,16,66,0.147761,5,6,2,14
2024-12-25T10:49:00+00:00,70,14,70,0.025714,5,4,2,7
2024-12-25T10:50:00+00:00,68,15,66,0.149254,5,5,1,14
2024-12-25T10:51:00+00:00,63,14,62,0.152381,4,6,3,11
2024-12-25T10:52:00+00:00,71,15,70,0.133803,6,3,3,7
2024-12-25T10:53:00+00:00,71,20,70,0.018571,7,6,2,10
2024-12-25T10:54:00+00:00,76,19,75,0.132895,8,6,1,13
2024-12-25T10:55:00+00:00,82,19,81,0.118293,6,5,4,9
2024-12-25T10:56:00+00:00,83,18,81,0.119512,7,4,3,14
2024-12-25T10:57:00+00:00,81,19,80,0.122222,8,6,2,13
2024-12-25T10:58:00+00:00,89,19,88,0.107865,6,4,3,14
2024-12-25T10:59:00+00:00,88,22,85,0.283333,8,6,4,16
2024-12-25T11:00:00+00:00,80,16,78,0.309877,6,6,4,12
2024-12-25T11:01:00+00:00,91,19,89,0.264835,5,4,5,16
2024-12-25T11:02:00+00:00,88,21,85,0.234483,7,6,4,16
2024-12-25T11:03:00+00:00,92,18,91,0.215217,7,6,4,16
2024-12-25T11:04:00+00:00,93,20,92,0.198925,6,4,5,16
2024-12-25T11:05:00+00:00,88,21,86,0.212644,7,6,4,15
2024-12-25T11:06:00+00:00,71,18,70,0.253521,8,6,2,9
2024-12-25T11:07:00+00:00,87,21,86,0.214943,6,4,5,13
2024-12-25T11:08:00+00:00,86,19,84,0.215294,6,6,4,13
2024-12-25T11:09:00+00:00,92,21,91,0.200000,9,6,4,15
2024-12-25T11:10:00+00:00,90,19,90,0.016667,6,4,4,15
2024-12-25T11:11:00+00:00,83,21,81,0.224390,7,6,4,15
2024-12-25T11:12:00+00:00,85,19,84,0.232941,8,6,3,15
2024-12-25T11:13:00+00:00,74,19,73,0.244595,6,4,4,10
2024-12-25T11:14:00+00:00,79,20,78,0.226582,7,6,3,12
2024-12-25T11:15:00+00:00,86,20,85,0.224419,8,6,4,13
2024-12-25T11:16:00+00:00,92,20,91,0.208696,6,4,5,15
2024-12-25T11:17:00+00:00,82,17,80,0.229630,7,4,4,13
2024-12-25T11:18:00+00:00,92,20,91,0.144565,8,5,4,16
2024-12-25T11:19:00+00:00,87,20,86,0.116092,6,4,4,15
2024-12-25T11:20:00+00:00,76,20,74,0.130667,7,6,4,10
2024-12-25T11:21:00+00:00,83,18,83,0.038554,7,5,2,12
2024-12-25T11:22:00+00:00,86,20,85,0.113953,6,4,5,14
2024-12-25T11:23:00+00:00,83,19,81,0.119512,7,5,4,14
2024-12-25T11:24:00+00:00,86,18,85,0.101163,8,6,3,15
2024-12-25T11:25:00+00:00,90,20,89,0.053333,6,4,4,15
2024-12-25T11:26:00+00:00,79,19,79,0.021519,6,6,4,13
2024-12-25T11:27:00+00:00,81,17,81,0.030864,7,5,2,13
2024-12-25T11:28:00+00:00,85,20,85,0.027059,6,4,2,11
2024-12-25T11:29:00+00:00,79,18,78,0.032051,6,6,4,12
2024-12-25T11:30:00+00:00,85,20,85,0.021176,8,6,3,15
2024-12-25T11:31:00+00:00,80,19,80,0.032500,5,4,4,14
2024-12-25T11:32:00+00:00,89,21,88,0.034091,7,6,5,14
2024-12-25T11:33:00+00:00,79,17,79,0.030380,8,5,3,14
2024-12-25T11:34:00+00:00,92,22,92,0.029348,6,5,3,14
2024-12-25T11:35:00+00:00,81,20,80,0.026250,7,5,5,10
2024-12-25T11:36:00+00:00,84,19,84,0.027381,8,6,2,14
2024-12-25T11:37:00+00:00,86,19,86,0.025581,6,4,5,12
2024-12-25T11:38:00+00:00,88,20,87,0.041379,7,6,5,15
2024-12-25T11:39:00+00:00,82,17,82,0.040244,8,4,3,14
2024-12-25T11:40:00+00:00,91,20,91,0.026374,6,4,5,15
2024-12-25T11:41:00+00:00,77,20,76,0.031579,7,6,3,11
2024-12-25T11:42:00+00:00,86,19,86,0.029070,8,6,3,14
2024-12-25T11:43:00+00:00,91,21,91,0.028571,6,4,5,12
2024-12-25T11:44:00+00:00,84,21,83,0.026506,7,6,4,13
2024-12-25T11:45:00+00:00,84,18,84,0.028571,8,5,3,15
2024-12-25T11:46:00+00:00,90,20,90,0.027778,6,5,4,14
2024-12-25T11:47:00+00:00,83,20,83,0.028916,7,5,5,13
2024-12-25T11:48:00+00:00,83,18,83,0.042169,8,6,1,15
2024-12-25T11:49:00+00:00,62,11,61,0.038710,2,3,3,12
2024-12-25T11:50:00+00:00,86,21,85,0.028235,7,6,5,12
2024-12-25T11:51:00+00:00,78,18,78,0.037179,8,5,3,12
2024-12-25T11:52:00+00:00,79,20,79,0.021519,6,5,2,14
2024-12-25T11:53:00+00:00,83,18,82,0.024390,7,5,4,12
2024-12-25T11:54:00+00:00,92,20,91,0.046739,8,6,4,16
2024-12-25T11:55:00+00:00,90,18,90,0.033333,5,4,4,13
2024-12-25T11:56:00+00:00,77,20,77,0.032468,7,6,2,15
2024-12-25T11:57:00+00:00,83,19,83,0.039759,8,6,3,12
2024-12-25T11:58:00+00:00,86,21,86,0.036047,6,4,5,11
2024-12-25T11:59:00+00:00,83,18,82,0.022619,7,6,3,12
2024-12-25T12:00:00+00:00,85,19,85,0.037647,8,6,4,13
2024-12-25T12:01:00+00:00,57,6,57,0.024561,3,1,3,15
